N001,Snuff Gyldenia Street,_:fictional/place/snuff-gyldenia-street
N002,Smouldering Oskar Street,_:fictional/place/smouldering-oskar-street
N003,Left-footed Unitas Street,_:fictional/place/left-footed-unitas-street
N004,Stolen Hormuthia Street,_:fictional/place/stolen-hormuthia-street
N005,Leery Sabine Street,_:fictional/place/leery-sabine-street
N006,Permissible Bettina Street,_:fictional/place/permissible-bettina-street
N007,Extraordinary Roma Street,_:fictional/place/extraordinary-roma-street
N008,Engrossing Malzovia Street,_:fictional/place/engrossing-malzovia-street
N009,Guaranteed Ceraskia Street,_:fictional/place/guaranteed-ceraskia-street
N010,Negative Venusia Street,_:fictional/place/negative-venusia-street
N011,Migrating Charybdis Street,_:fictional/place/migrating-charybdis-street
N012,Trapped Ate Street,_:fictional/place/trapped-ate-street
N013,Engraved Ceres Street,_:fictional/place/engraved-ceres-street
N014,Traveled Amphitrite Street,_:fictional/place/traveled-amphitrite-street
N015,Pernicious Merxia Street,_:fictional/place/pernicious-merxia-street
N016,Groaning Simeisa Street,_:fictional/place/groaning-simeisa-street
N017,Perpetuate Paulina Street,_:fictional/place/perpetuate-paulina-street
N018,Smothered Urhixidur Street,_:fictional/place/smothered-urhixidur-street
N019,Preparatory Moira Street,_:fictional/place/preparatory-moira-street
N020,Encrusted Klotilde Street,_:fictional/place/encrusted-klotilde-street
N021,Encased Elvira Street,_:fictional/place/encased-elvira-street
N022,Proportionate Ekard Street,_:fictional/place/proportionate-ekard-street
N023,Pronged Zerbinetta Street,_:fictional/place/pronged-zerbinetta-street
N024,Promulgated Bella Street,_:fictional/place/promulgated-bella-street
N025,Protracted Hippodamia Street,_:fictional/place/protracted-hippodamia-street
N026,Promising Lehigh Street,_:fictional/place/promising-lehigh-street
N027,Prolific Leonora Street,_:fictional/place/prolific-leonora-street
N028,Pulled Wratislavia Street,_:fictional/place/pulled-wratislavia-street
N029,Progressive Zita Street,_:fictional/place/progressive-zita-street
N030,Programmed Galilea Street,_:fictional/place/programmed-galilea-street
N031,Pulsed Melanie Street,_:fictional/place/pulsed-melanie-street
N032,Professional Tinette Street,_:fictional/place/professional-tinette-street
N033,Prodigious Ernestina Street,_:fictional/place/prodigious-ernestina-street
N034,Process Gersuind Street,_:fictional/place/process-gersuind-street
N035,Purgatory Hermia Street,_:fictional/place/purgatory-hermia-street
N036,Procedural Hildburg Street,_:fictional/place/procedural-hildburg-street
N037,Problem Hela Street,_:fictional/place/problem-hela-street
N038,Quick Lanzia Street,_:fictional/place/quick-lanzia-street
N039,Private Hagar Street,_:fictional/place/private-hagar-street
N040,Printed Auravictrix Street,_:fictional/place/printed-auravictrix-street
N041,Rapid-fire Gorgo Street,_:fictional/place/rapid-fire-gorgo-street
N042,Primetime Genoveva Street,_:fictional/place/primetime-genoveva-street
N043,Primer Oriola Street,_:fictional/place/primer-oriola-street
N044,Raunchy Pax Street,_:fictional/place/raunchy-pax-street
N045,Primal Fredegundis Street,_:fictional/place/primal-fredegundis-street
N046,Pricier Alauda Street,_:fictional/place/pricier-alauda-street
N047,Priced Aaltje Street,_:fictional/place/priced-aaltje-street
N048,Razed Melitta Street,_:fictional/place/razed-melitta-street
N049,Prewar Ludmilla Street,_:fictional/place/prewar-ludmilla-street
N050,Presumed Noemi Street,_:fictional/place/presumed-noemi-street
N051,Reactive Rachele Street,_:fictional/place/reactive-rachele-street
N052,Pressurized Edda Street,_:fictional/place/pressurized-edda-street
N053,Pressed Interamnia Street,_:fictional/place/pressed-interamnia-street
N054,Readable Astarte Street,_:fictional/place/readable-astarte-street
N055,Presidential Carnegia Street,_:fictional/place/presidential-carnegia-street
N056,Preserved Erminia Street,_:fictional/place/preserved-erminia-street
N057,Prescient Tirza Street,_:fictional/place/prescient-tirza-street
N058,Elective Mellena Street,_:fictional/place/elective-mellena-street
N059,Scheming Ursula Street,_:fictional/place/scheming-ursula-street
N060,Electoral Juliana Street,_:fictional/place/electoral-juliana-street
N061,Intuitive Manto Street,_:fictional/place/intuitive-manto-street
N062,Gleaming Sphinx Street,_:fictional/place/gleaming-sphinx-street
N063,Tangible Agnes Street,_:fictional/place/tangible-agnes-street
N064,Newest Hypsipyle Street,_:fictional/place/newest-hypsipyle-street
N065,Pervasive Ginevra Avenue,_:fictional/place/pervasive-ginevra-avenue
N066,Simplest Helio Street,_:fictional/place/simplest-helio-street
N067,Tanked Brambilla Street,_:fictional/place/tanked-brambilla-street
N068,Sceptical Dora Street,_:fictional/place/sceptical-dora-street
N069,Perceptual Mancunia Street,_:fictional/place/perceptual-mancunia-street
N070,Economical Tauris Street,_:fictional/place/economical-tauris-street
N071,Intersecting Erika Street,_:fictional/place/intersecting-erika-street
N072,Outdone Lysistrata Street,_:fictional/place/outdone-lysistrata-street
N073,Bolder Hel Street,_:fictional/place/bolder-hel-street
N074,Tarry Lilliana Street,_:fictional/place/tarry-lilliana-street
N075,Ginger Valda Street,_:fictional/place/ginger-valda-street
N076,Specific Ocllo Street,_:fictional/place/specific-ocllo-street
N077,Tallest Aeria Street,_:fictional/place/tallest-aeria-street
N078,Twisted Fatme Street,_:fictional/place/twisted-fatme-street
N079,Pensive Selene Street,_:fictional/place/pensive-selene-street
N080,Nail-biting Ute Street,_:fictional/place/nail-biting-ute-street
N081,Opposing Nora Street,_:fictional/place/opposing-nora-street
N082,Utter Aethra Street,_:fictional/place/utter-aethra-street
N083,Trusting Prudentia Street,_:fictional/place/trusting-prudentia-street
N084,Shoestring Erda Street,_:fictional/place/shoestring-erda-street
N085,Open-ended Zelima Street,_:fictional/place/open-ended-zelima-street
N086,Sparing Leopoldina Street,_:fictional/place/sparing-leopoldina-street
N087,Dulled Hildegard Street,_:fictional/place/dulled-hildegard-street
N088,Metering Aletheia Street,_:fictional/place/metering-aletheia-street
N089,Trying Seeligeria Street,_:fictional/place/trying-seeligeria-street
N090,Hand-held Kilia Street,_:fictional/place/hand-held-kilia-street
N091,Saute Rhea Street,_:fictional/place/saute-rhea-street
N092,Trunk Tyche Street,_:fictional/place/trunk-tyche-street
N093,Onward California Street,_:fictional/place/onward-california-street
N094,Dried Eduarda Street,_:fictional/place/dried-eduarda-street
N095,Peevish Amicitia Street,_:fictional/place/peevish-amicitia-street
N096,Shivering Jokaste Street,_:fictional/place/shivering-jokaste-street
N097,Onstage Pyrrha Street,_:fictional/place/onstage-pyrrha-street
N098,Spanking Gunhild Street,_:fictional/place/spanking-gunhild-street
N099,Prank Tiflis Street,_:fictional/place/prank-tiflis-street
N100,Peacekeeping Franzia Street,_:fictional/place/peacekeeping-franzia-street
N101,Insincere Budrosa Street,_:fictional/place/insincere-budrosa-street
N102,Fuming Waltraut Street,_:fictional/place/fuming-waltraut-street
N103,Memorable Corduba Street,_:fictional/place/memorable-corduba-street
N104,Homesick Oppavia Street,_:fictional/place/homesick-oppavia-street
N105,Memorial Rosalinde Street,_:fictional/place/memorial-rosalinde-street
N106,Short Vincentina Street,_:fictional/place/short-vincentina-street
N107,Sanctioned Ursina Street,_:fictional/place/sanctioned-ursina-street
N108,Insensible Claudia Street,_:fictional/place/insensible-claudia-street
N109,Frugal Theobalda Street,_:fictional/place/frugal-theobalda-street
N110,Tyrannical Christine Street,_:fictional/place/tyrannical-christine-street
N111,Salient Erynia Street,_:fictional/place/salient-erynia-street
N112,Medley Padua Street,_:fictional/place/medley-padua-street
N113,Hissy Clementina Street,_:fictional/place/hissy-clementina-street
N114,Melodic Brunsia Street,_:fictional/place/melodic-brunsia-street
N115,Double-blind Lacadiera Street,_:fictional/place/double-blind-lacadiera-street
N116,Tailed Argentina Street,_:fictional/place/tailed-argentina-street
N117,Exulting Isara Street,_:fictional/place/exulting-isara-street
N118,Dotted Parysatis Street,_:fictional/place/dotted-parysatis-street
N119,Unaided Papagena Street,_:fictional/place/unaided-papagena-street
N120,Shipped Picka Street,_:fictional/place/shipped-picka-street
N121,Safest Lina Street,_:fictional/place/safest-lina-street
N122,Ensconced Burnhamia Street,_:fictional/place/ensconced-burnhamia-street
N123,Specialized Laura Street,_:fictional/place/specialized-laura-street
N124,Pastel Marianna Street,_:fictional/place/pastel-marianna-street
N125,Unassisted Charis Street,_:fictional/place/unassisted-charis-street
N126,Graven Lameia Street,_:fictional/place/graven-lameia-street
N127,Synonymous Marlu Street,_:fictional/place/synonymous-marlu-street
N128,Freelance Eukrate Street,_:fictional/place/freelance-eukrate-street
N129,Sought Tisiphone Street,_:fictional/place/sought-tisiphone-street
N130,Synchronized Carlova Street,_:fictional/place/synchronized-carlova-street
N131,Unassuming Bouzareah Street,_:fictional/place/unassuming-bouzareah-street
N132,Parental Rebekka Street,_:fictional/place/parental-rebekka-street
N133,Monastic Bernardina Street,_:fictional/place/monastic-bernardina-street
N134,Nuanced Gutemberga Street,_:fictional/place/nuanced-gutemberga-street
N135,Two-lane Crescentia Street,_:fictional/place/two-lane-crescentia-street
N136,Strapping Philia Street,_:fictional/place/strapping-philia-street
N137,Mated Megaira Street,_:fictional/place/mated-megaira-street
N138,Exonerated Nealley Street,_:fictional/place/exonerated-nealley-street
N139,Material Lola Street,_:fictional/place/material-lola-street
N140,Existent Ninina Street,_:fictional/place/existent-ninina-street
N141,Occurring Berbericia Street,_:fictional/place/occurring-berbericia-street
N142,Fraudulent Lumiere Street,_:fictional/place/fraudulent-lumiere-street
N143,Unattractive Gudrun Street,_:fictional/place/unattractive-gudrun-street
N144,Parted Apollonia Street,_:fictional/place/parted-apollonia-street
N145,Shaken Rockefellia Street,_:fictional/place/shaken-rockefellia-street
N146,Noncommercial Hektor Street,_:fictional/place/noncommercial-hektor-street
N147,Solid-state Probitas Street,_:fictional/place/solid-state-probitas-street
N148,Excess Eugenisis Street,_:fictional/place/excess-eugenisis-street
N149,Fractional Germania Street,_:fictional/place/fractional-germania-street
N150,Socialized Liguria Street,_:fictional/place/socialized-liguria-street
N151,Uncapped Kriemhild Street,_:fictional/place/uncapped-kriemhild-street
N152,Trial Herodias Street,_:fictional/place/trial-herodias-street
N153,Disfigured Universitas Street,_:fictional/place/disfigured-universitas-street
N154,Vanilla Gabriella Street,_:fictional/place/vanilla-gabriella-street
N155,Roomful Kleopatra Street,_:fictional/place/roomful-kleopatra-street
N156,Exasperated Messalina Street,_:fictional/place/exasperated-messalina-street
N157,Inert Georgia Street,_:fictional/place/inert-georgia-street
N158,Nitrous Hispania Street,_:fictional/place/nitrous-hispania-street
N159,Treated Xenia Street,_:fictional/place/treated-xenia-street
N160,Rotating Adrastea Street,_:fictional/place/rotating-adrastea-street
N161,Paced Lundia Street,_:fictional/place/paced-lundia-street
N162,Idealistic Eleonora Street,_:fictional/place/idealistic-eleonora-street
N163,Robust Repsolda Street,_:fictional/place/robust-repsolda-street
N164,Roused Ruperto-Carola Street,_:fictional/place/roused-ruperto-carola-street
N165,Lusty Hypatia Street,_:fictional/place/lusty-hypatia-street
N166,Smacking Eriphyla Street,_:fictional/place/smacking-eriphyla-street
N167,Overworked Octavia Street,_:fictional/place/overworked-octavia-street
N168,Sexier Zeuxo Street,_:fictional/place/sexier-zeuxo-street
N169,Incomprehensible Nestor Street,_:fictional/place/incomprehensible-nestor-street
N170,Disabling Rhoda Street,_:fictional/place/disabling-rhoda-street
N171,Swooning Aguntina Street,_:fictional/place/swooning-aguntina-street
N172,Footy Honoria Street,_:fictional/place/footy-honoria-street
N173,Smokeless Saskia Street,_:fictional/place/smokeless-saskia-street
N174,Sympathize Yrsa Street,_:fictional/place/sympathize-yrsa-street
N175,Uncontrolled El Djezair Street,_:fictional/place/uncontrolled-el-djezair-street
N176,Overboard Misa Street,_:fictional/place/overboard-misa-street
N177,Mighty Chimaera Street,_:fictional/place/mighty-chimaera-street
N178,Mythic Armor Street,_:fictional/place/mythic-armor-street
N179,Uncomfortable Eleutheria Street,_:fictional/place/uncomfortable-eleutheria-street
N180,Differentiated Sylvania Street,_:fictional/place/differentiated-sylvania-street
N181,Foolhardy Nina Street,_:fictional/place/foolhardy-nina-street
N182,Traverse Alleghenia Street,_:fictional/place/traverse-alleghenia-street
N183,Sleepy Irmintraud Street,_:fictional/place/sleepy-irmintraud-street
N184,Uncooked Deborah Street,_:fictional/place/uncooked-deborah-street
N185,Inattentive Theresia Street,_:fictional/place/inattentive-theresia-street
N186,Foggy Scheila Street,_:fictional/place/foggy-scheila-street
N187,Self-taught Pariana Street,_:fictional/place/self-taught-pariana-street
N188,Segregated Ulla Street,_:fictional/place/segregated-ulla-street
N189,Dictated Polyxena Street,_:fictional/place/dictated-polyxena-street
N190,Fancier Buda Street,_:fictional/place/fancier-buda-street
N191,Reverend Hermentaria Street,_:fictional/place/reverend-hermentaria-street
N192,Loudest Athamantis Street,_:fictional/place/loudest-athamantis-street
N193,Sleepless May Street,_:fictional/place/sleepless-may-street
N194,Faltering Vindobona Street,_:fictional/place/faltering-vindobona-street
N195,In-flight Bandusia Street,_:fictional/place/in-flight-bandusia-street
N196,Gibberish Notburga Street,_:fictional/place/gibberish-notburga-street
N197,Reversing Marbachia Street,_:fictional/place/reversing-marbachia-street
N198,Devilish Nauheima Street,_:fictional/place/devilish-nauheima-street
N199,Inbound Esther Street,_:fictional/place/inbound-esther-street
N200,Muted Anneliese Street,_:fictional/place/muted-anneliese-street
N201,Deviant Aida Street,_:fictional/place/deviant-aida-street
N202,Devoted Tea Street,_:fictional/place/devoted-tea-street
N203,Low-budget Philosophia Street,_:fictional/place/low-budget-philosophia-street
N204,Dropped Pauly Street,_:fictional/place/dropped-pauly-street
N205,Flowing Agamemnon Street,_:fictional/place/flowing-agamemnon-street
N206,Overheated Bathseba Street,_:fictional/place/overheated-bathseba-street
N207,Underground Weringia Street,_:fictional/place/underground-weringia-street
N208,Mysterious Alinda Street,_:fictional/place/mysterious-alinda-street
N209,Veering Agathe Street,_:fictional/place/veering-agathe-street
N210,Senior Pompeja Street,_:fictional/place/senior-pompeja-street
N211,Impulsive Tanete Street,_:fictional/place/impulsive-tanete-street
N212,Vaunted Washingtonia Street,_:fictional/place/vaunted-washingtonia-street
N213,Draining Adelinda Street,_:fictional/place/draining-adelinda-street
N214,Semiautomatic Hamiltonia Street,_:fictional/place/semiautomatic-hamiltonia-street
N215,Second-best Henrietta Street,_:fictional/place/second-best-henrietta-street
N216,Transformed Backlunda Street,_:fictional/place/transformed-backlunda-street
N217,Retaliatory Desiderata Street,_:fictional/place/retaliatory-desiderata-street
N218,Destitute Helwerthia Street,_:fictional/place/destitute-helwerthia-street
N219,Impressionable Glasenappia Street,_:fictional/place/impressionable-glasenappia-street
N220,Flickering Maritima Street,_:fictional/place/flickering-maritima-street
N221,Sweating Elfriede Street,_:fictional/place/sweating-elfriede-street
N222,Metabolic Nanon Street,_:fictional/place/metabolic-nanon-street
N223,Opt-in Croatia Street,_:fictional/place/opt-in-croatia-street
N224,Seated Otila Street,_:fictional/place/seated-otila-street
N225,Gypsy Hamburga Street,_:fictional/place/gypsy-hamburga-street
N226,Sweeping Devosa Street,_:fictional/place/sweeping-devosa-street
N227,Scrolled Ulrike Street,_:fictional/place/scrolled-ulrike-street
N228,Motorized Triberga Street,_:fictional/place/motorized-triberga-street
N229,Depress Priamus Street,_:fictional/place/depress-priamus-street
N230,Departed Arequipa Street,_:fictional/place/departed-arequipa-street
N231,Restrict Eos Street,_:fictional/place/restrict-eos-street
N232,Motley Ruth Street,_:fictional/place/motley-ruth-street
N233,Immigrant Chicago Street,_:fictional/place/immigrant-chicago-street
N234,Sensed Palisana Street,_:fictional/place/sensed-palisana-street
N235,Rested Roberta Street,_:fictional/place/rested-roberta-street
N236,Grizzly Thusnelda Street,_:fictional/place/grizzly-thusnelda-street
N237,Resultant Pierretta Street,_:fictional/place/resultant-pierretta-street
N238,Immense Thekla Street,_:fictional/place/immense-thekla-street
N239,Greener Matterania Street,_:fictional/place/greener-matterania-street
N240,Immersive Sarita Street,_:fictional/place/immersive-sarita-street
N241,Shadowy Cosette Street,_:fictional/place/shadowy-cosette-street
N242,Livid Aeternitas Street,_:fictional/place/livid-aeternitas-street
N243,Enamel Siri Street,_:fictional/place/enamel-siri-street
N244,Mounted Mattiaca Street,_:fictional/place/mounted-mattiaca-street
N245,Firmer Gedania Street,_:fictional/place/firmer-gedania-street
N246,Commuting Swetlana Street,_:fictional/place/commuting-swetlana-street
N247,Defenseless Tauntonia Street,_:fictional/place/defenseless-tauntonia-street
N248,Vented Athene Street,_:fictional/place/vented-athene-street
N249,Mediaeval Oenone Street,_:fictional/place/mediaeval-oenone-street
N250,Speedy Etheridgea Street,_:fictional/place/speedy-etheridgea-street
N251,Respectful Edna Street,_:fictional/place/respectful-edna-street
N252,Defaced Rezia Street,_:fictional/place/defaced-rezia-street
N253,Undisturbed Preziosa Street,_:fictional/place/undisturbed-preziosa-street
N254,Illustrative Emma Street,_:fictional/place/illustrative-emma-street
N255,Filling Semiramis Street,_:fictional/place/filling-semiramis-street
N256,Sentient Svea Street,_:fictional/place/sentient-svea-street
N257,Executable America Street,_:fictional/place/executable-america-street
N258,Stubborn Olympia Street,_:fictional/place/stubborn-olympia-street
N259,Exciting Columbia Street,_:fictional/place/exciting-columbia-street
N260,Resigned Lyka Street,_:fictional/place/resigned-lyka-street
N261,Spattered Zahringia Street,_:fictional/place/spattered-zahringia-street
N262,Fiddling Photographica Street,_:fictional/place/fiddling-photographica-street
N263,Repellent Isolda Street,_:fictional/place/repellent-isolda-street
N264,Sometime Tamara Street,_:fictional/place/sometime-tamara-street
N265,Repeating Peraga Street,_:fictional/place/repeating-peraga-street
N266,Scratched Herba Street,_:fictional/place/scratched-herba-street
N267,Dazzled Bilkis Street,_:fictional/place/dazzled-bilkis-street
N268,Everlasting Itha Avenue,_:fictional/place/everlasting-itha-avenue
N269,Emerald Roswitha Street,_:fictional/place/emerald-roswitha-street
N270,Modernized Bavaria Street,_:fictional/place/modernized-bavaria-street
N271,Illustrated Irenaea Street,_:fictional/place/illustrated-irenaea-street
N272,Ignited Pia Street,_:fictional/place/ignited-pia-street
N273,Molecular Pulcova Street,_:fictional/place/molecular-pulcova-street
N274,Combat Ricarda Street,_:fictional/place/combat-ricarda-street
N275,One-year Sorga Street,_:fictional/place/one-year-sorga-street
N276,Unequal Hedda Street,_:fictional/place/unequal-hedda-street
N277,Mixed Birgit Street,_:fictional/place/mixed-birgit-street
N278,Uneasy Athanasia Street,_:fictional/place/uneasy-athanasia-street
N279,Fermented Helga Street,_:fictional/place/fermented-helga-street
N280,Cushioned Arizona Street,_:fictional/place/cushioned-arizona-street
N281,Ferocious Baptistina Street,_:fictional/place/ferocious-baptistina-street
N282,Unearthly Rhodia Street,_:fictional/place/unearthly-rhodia-street
N283,Mitigated Burgundia Street,_:fictional/place/mitigated-burgundia-street
N284,One-eyed Watsonia Street,_:fictional/place/one-eyed-watsonia-street
N285,Maniac Martha Street,_:fictional/place/maniac-martha-street
N286,Spiky Ohio Street,_:fictional/place/spiky-ohio-street
N287,Oncoming Renate Street,_:fictional/place/oncoming-renate-street
N288,Crypto Ilsebill Street,_:fictional/place/crypto-ilsebill-street
N289,Tectonic Leonisis Street,_:fictional/place/tectonic-leonisis-street
N290,Fearless Chryseis Street,_:fictional/place/fearless-chryseis-street
N291,Spherical Patricia Street,_:fictional/place/spherical-patricia-street
N292,Technical Katharina Street,_:fictional/place/technical-katharina-street
N293,Unfinished Ara Street,_:fictional/place/unfinished-ara-street
N294,North Praxedis Street,_:fictional/place/north-praxedis-street
N295,Lucid Valeska Street,_:fictional/place/lucid-valeska-street
N296,Mind-boggling Cupido Street,_:fictional/place/mind-boggling-cupido-street
N297,Cover Brasilia Street,_:fictional/place/cover-brasilia-street
N298,Human Brendelia Street,_:fictional/place/human-brendelia-street
N299,Eaten Halawe Street,_:fictional/place/eaten-halawe-street
N300,Cosmic Eros Street,_:fictional/place/cosmic-eros-street
N301,Luckless Moguntia Street,_:fictional/place/luckless-moguntia-street
N302,Unforeseen Byblis Street,_:fictional/place/unforeseen-byblis-street
N303,Legible Franziska Street,_:fictional/place/legible-franziska-street
N304,Unfazed Edith Street,_:fictional/place/unfazed-edith-street
N305,Huddled Ampella Street,_:fictional/place/huddled-ampella-street
N306,Didactic Pythia Street,_:fictional/place/didactic-pythia-street
N307,Leisure Hungaria Street,_:fictional/place/leisure-hungaria-street
N308,Slender Aslog Street,_:fictional/place/slender-aslog-street
N309,Undersea Haidea Street,_:fictional/place/undersea-haidea-street
N310,Oldest Tjilaki Street,_:fictional/place/oldest-tjilaki-street
N311,Unforgivable Bruna Street,_:fictional/place/unforgivable-bruna-street
N312,Corporatist Kressida Street,_:fictional/place/corporatist-kressida-street
N313,Coronary Ingeborg Street,_:fictional/place/coronary-ingeborg-street
N314,Fast-growing Struveana Street,_:fictional/place/fast-growing-struveana-street
N315,Uncooperative Nipponia Street,_:fictional/place/uncooperative-nipponia-street
N316,Famous Bondia Street,_:fictional/place/famous-bondia-street
N317,Strained Athalia Street,_:fictional/place/strained-athalia-street
N318,Slanting Lotis Street,_:fictional/place/slanting-lotis-street
N319,Mind-blowing Industria Street,_:fictional/place/mind-blowing-industria-street
N320,Unidentified Ornamenta Street,_:fictional/place/unidentified-ornamenta-street
N321,Reliable Valeria Street,_:fictional/place/reliable-valeria-street
N322,Long-running Schlutia Street,_:fictional/place/long-running-schlutia-street
N323,Slamming Aspasia Street,_:fictional/place/slamming-aspasia-street
N324,Fainter Hybris Street,_:fictional/place/fainter-hybris-street
N325,Registering Jovita Street,_:fictional/place/registering-jovita-street
N326,Storied Massinga Street,_:fictional/place/storied-massinga-street
N327,Fading Rogeria Street,_:fictional/place/fading-rogeria-street
N328,Skyrocketed Jenny Street,_:fictional/place/skyrocketed-jenny-street
N329,Unimaginative Kressmannia Street,_:fictional/place/unimaginative-kressmannia-street
N330,Hands-off Polyxo Street,_:fictional/place/hands-off-polyxo-street
N331,Contemporaneous Ostara Street,_:fictional/place/contemporaneous-ostara-street
N332,Stoked Armida Street,_:fictional/place/stoked-armida-street
W001,Laden Gordonia Avenue,_:fictional/place/laden-gordonia-avenue
W002,Running Epyaxa Street,_:fictional/place/running-epyaxa-street
W003,Traditional Nike Street,_:fictional/place/traditional-nike-street
W004,Unsuccessful Gudula Street,_:fictional/place/unsuccessful-gudula-street
W005,Export Kythera Street,_:fictional/place/export-kythera-street
W006,Skeleton Herluga Street,_:fictional/place/skeleton-herluga-street
W007,Paramount Brangane Street,_:fictional/place/paramount-brangane-street
W008,Rubber Quintilla Street,_:fictional/place/rubber-quintilla-street
W009,Hitless Lilaea Street,_:fictional/place/hitless-lilaea-street
W010,Keyed Josephina Street,_:fictional/place/keyed-josephina-street
W011,Conservative Menippe Street,_:fictional/place/conservative-menippe-street
W012,Constituent Adelheid Street,_:fictional/place/constituent-adelheid-street
W013,Run-down Galene Street,_:fictional/place/run-down-galene-street
W014,Meditated Ilmatar Street,_:fictional/place/meditated-ilmatar-street
W015,Uninspired Zeissia Street,_:fictional/place/uninspired-zeissia-street
W016,Recovering Olga Street,_:fictional/place/recovering-olga-street
W017,Congressional Montana Street,_:fictional/place/congressional-montana-street
W018,High-res Wladilena Street,_:fictional/place/high-res-wladilena-street
W019,Exorbitant Alphonsina Street,_:fictional/place/exorbitant-alphonsina-street
W020,Suspenseful Tekmessa Street,_:fictional/place/suspenseful-tekmessa-street
W021,Literary Friederike Street,_:fictional/place/literary-friederike-street
W022,Natural Dudu Street,_:fictional/place/natural-dudu-street
W023,Risque Toni Street,_:fictional/place/risque-toni-street
W024,Cherished Academia Street,_:fictional/place/cherished-academia-street
W025,Deluded Princetonia Street,_:fictional/place/deluded-princetonia-street
W026,High-performance Sita Street,_:fictional/place/high-performance-sita-street
W027,Unintended Galatea Street,_:fictional/place/unintended-galatea-street
W028,High-density Vera Street,_:fictional/place/high-density-vera-street
W029,Evergreen Suleika Street,_:fictional/place/evergreen-suleika-street
W030,Runtime Thora Street,_:fictional/place/runtime-thora-street
W031,Ringed Istria Street,_:fictional/place/ringed-istria-street
W032,Confidential Altona Street,_:fictional/place/confidential-altona-street
W033,Realizing Geraldina Street,_:fictional/place/realizing-geraldina-street
W034,Confining Metcalfia Street,_:fictional/place/confining-metcalfia-street
W035,High-yield Inna Street,_:fictional/place/high-yield-inna-street
W036,Ever-present Ratisbona Street,_:fictional/place/ever-present-ratisbona-street
W037,Swinging Timandra Street,_:fictional/place/swinging-timandra-street
W038,Listening Nassovia Street,_:fictional/place/listening-nassovia-street
W039,Muscular Ingwelde Street,_:fictional/place/muscular-ingwelde-street
W040,Rustling Imhilde Street,_:fictional/place/rustling-imhilde-street
W041,Oyster Wolfiana Street,_:fictional/place/oyster-wolfiana-street
W042,Decrepit Cora Street,_:fictional/place/decrepit-cora-street
W043,Heralded Carolina Street,_:fictional/place/heralded-carolina-street
W044,Universal Cava Street,_:fictional/place/universal-cava-street
W045,Hedonistic Coelestina Street,_:fictional/place/hedonistic-coelestina-street
W046,Esoteric Delila Street,_:fictional/place/esoteric-delila-street
W047,Right-hand Felicia Street,_:fictional/place/right-hand-felicia-street
W048,Saved Hildrun Street,_:fictional/place/saved-hildrun-street
W049,Outsized Albert Street,_:fictional/place/outsized-albert-street
W050,Multi-million Lipperta Street,_:fictional/place/multi-million-lipperta-street
W051,Heart-shaped Adorea Street,_:fictional/place/heart-shaped-adorea-street
W052,Eradicated Algunde Street,_:fictional/place/eradicated-algunde-street
W053,Conceding Mildred Street,_:fictional/place/conceding-mildred-street
W054,Scandalized Moskva Street,_:fictional/place/scandalized-moskva-street
W055,Concentrated Phyllis Street,_:fictional/place/concentrated-phyllis-street
W056,Elaborated Iduna Street,_:fictional/place/elaborated-iduna-street
W057,Prerequisite Aline Avenue,_:fictional/place/prerequisite-aline-avenue
W058,Unmasked Botolphia Street,_:fictional/place/unmasked-botolphia-street
W059,Eroded Hohensteina Street,_:fictional/place/eroded-hohensteina-street
W060,Unorthodox Mireille Street,_:fictional/place/unorthodox-mireille-street
W061,Fledgling Westphalia Street,_:fictional/place/fledgling-westphalia-street
W062,Sleek Nenetta Street,_:fictional/place/sleek-nenetta-street
W063,Precocious Jena Street,_:fictional/place/precocious-jena-street
W064,Revolving Walkure Street,_:fictional/place/revolving-walkure-street
W065,Comparable Sigelinde Street,_:fictional/place/comparable-sigelinde-street
W066,Duplicate Ino Street,_:fictional/place/duplicate-ino-street
W067,Disconnected Luisa Street,_:fictional/place/disconnected-luisa-street
W068,Manmade Dresda Street,_:fictional/place/manmade-dresda-street
W069,Heathen Bredichina Street,_:fictional/place/heathen-bredichina-street
W070,Heart Titania Street,_:fictional/place/heart-titania-street
W071,Maroon Mandeville Street,_:fictional/place/maroon-mandeville-street
W072,Unparalleled Zwetana Street,_:fictional/place/unparalleled-zwetana-street
W073,Goalless Ophelia Street,_:fictional/place/goalless-ophelia-street
W074,Slimmer Whittemora Street,_:fictional/place/slimmer-whittemora-street
W075,Diagonal Luscinia Street,_:fictional/place/diagonal-luscinia-street
W076,Enthralling Maria Street,_:fictional/place/enthralling-maria-street
W077,Slapstick Achilles Street,_:fictional/place/slapstick-achilles-street
W078,Pre-emptive Alagasta Street,_:fictional/place/pre-emptive-alagasta-street
W079,Unpleasant Baucis Street,_:fictional/place/unpleasant-baucis-street
W080,Lowering Huberta Street,_:fictional/place/lowering-huberta-street
W081,Uninvited Sidonia Street,_:fictional/place/uninvited-sidonia-street
W082,Skinny Delia Street,_:fictional/place/skinny-delia-street
W083,Enlivened Ulula Street,_:fictional/place/enlivened-ulula-street
W084,Tougher Boliviana Street,_:fictional/place/tougher-boliviana-street
W085,Healing Bohemia Street,_:fictional/place/healing-bohemia-street
W086,Glaring Pretoria Street,_:fictional/place/glaring-pretoria-street
W087,Reserve Hooveria Street,_:fictional/place/reserve-hooveria-street
W088,Glare Emanuela Street,_:fictional/place/glare-emanuela-street
W089,Intolerant Augusta Street,_:fictional/place/intolerant-augusta-street
W090,Endangered Marmulla Street,_:fictional/place/endangered-marmulla-street
W091,Retiring Susi Street,_:fictional/place/retiring-susi-street
W092,Leather Rhodope Street,_:fictional/place/leather-rhodope-street
W093,Walk-on Scott Street,_:fictional/place/walk-on-scott-street
W094,Stylized Marghanna Street,_:fictional/place/stylized-marghanna-street
W095,Emotional Nymphe Street,_:fictional/place/emotional-nymphe-street
W096,Sizable Cheruskia Street,_:fictional/place/sizable-cheruskia-street
W097,Unprincipled Benda Street,_:fictional/place/unprincipled-benda-street
W098,Geologic Eva Street,_:fictional/place/geologic-eva-street
W099,Poorest Clorinde Street,_:fictional/place/poorest-clorinde-street
W100,Cleric Dulcinea Street,_:fictional/place/cleric-dulcinea-street
W101,Portmanteau Fama Street,_:fictional/place/portmanteau-fama-street
W102,Forked Arachne Street,_:fictional/place/forked-arachne-street
W103,Long-suffering Erigone Street,_:fictional/place/long-suffering-erigone-street
W104,Interfering Thuringia Street,_:fictional/place/interfering-thuringia-street
W105,Unread Stereoskopia Street,_:fictional/place/unread-stereoskopia-street
W106,Polygamous Hercynia Street,_:fictional/place/polygamous-hercynia-street
W107,Removable Clivia Street,_:fictional/place/removable-clivia-street
W108,Midterm Rosalia Street,_:fictional/place/midterm-rosalia-street
W109,Totalled Athor Street,_:fictional/place/totalled-athor-street
W110,Stinky Pickeringia Street,_:fictional/place/stinky-pickeringia-street
W111,Funded Salome Street,_:fictional/place/funded-salome-street
W112,Plumb Mocia Street,_:fictional/place/plumb-mocia-street
W113,Fulfilling Thia Street,_:fictional/place/fulfilling-thia-street
W114,Neutered Rotraut Street,_:fictional/place/neutered-rotraut-street
W115,Clapping Zerlina Street,_:fictional/place/clapping-zerlina-street
W116,Disdainful Kunigunde Street,_:fictional/place/disdainful-kunigunde-street
W117,Metallurgical Kartvelia Street,_:fictional/place/metallurgical-kartvelia-street
W118,Funny Atropos Street,_:fictional/place/funny-atropos-street
W119,Politician Mechthild Street,_:fictional/place/politician-mechthild-street
W120,Joyful Koronis Street,_:fictional/place/joyful-koronis-street
W121,Skirting Philagoria Street,_:fictional/place/skirting-philagoria-street
W122,Pliable Cyane Street,_:fictional/place/pliable-cyane-street
W123,Civilised Genua Street,_:fictional/place/civilised-genua-street
W124,Unregulated Amanda Street,_:fictional/place/unregulated-amanda-street
W125,Suave Elsa Street,_:fictional/place/suave-elsa-street
W126,Hopeless Antonia Street,_:fictional/place/hopeless-antonia-street
W127,Corroborated Montefiore Street,_:fictional/place/corroborated-montefiore-street
W128,Unreasonable Armenia Street,_:fictional/place/unreasonable-armenia-street
W129,Measuring Bethgea Street,_:fictional/place/measuring-bethgea-street
W130,Correlated Norma Street,_:fictional/place/correlated-norma-street
W131,Neurological Primula Street,_:fictional/place/neurological-primula-street
W132,Plausible Ducrosa Street,_:fictional/place/plausible-ducrosa-street
W133,Flammable Fiducia Street,_:fictional/place/flammable-fiducia-street
W134,Simplistic Bertha Street,_:fictional/place/simplistic-bertha-street
W135,Circumstantial Euryanthe Street,_:fictional/place/circumstantial-euryanthe-street
W136,Devastating Holda Street,_:fictional/place/devastating-holda-street
W137,Convex Justitia Street,_:fictional/place/convex-justitia-street
W138,Pitching Bali Street,_:fictional/place/pitching-bali-street
W139,Chirping Ottilia Street,_:fictional/place/chirping-ottilia-street
W140,Lifted Amneris Street,_:fictional/place/lifted-amneris-street
W141,Meaningful Tatjana Street,_:fictional/place/meaningful-tatjana-street
W142,Freckled Libussa Street,_:fictional/place/freckled-libussa-street
W143,Posed Chlosinde Street,_:fictional/place/posed-chlosinde-street
W144,Positive Admete Street,_:fictional/place/positive-admete-street
W145,Fitted Campania Street,_:fictional/place/fitted-campania-street
W146,Sprung Bohlinia Street,_:fictional/place/sprung-bohlinia-street
W147,Unremitting Erida Street,_:fictional/place/unremitting-erida-street
W148,Muscled Walpurga Street,_:fictional/place/muscled-walpurga-street
W149,Contaminated Persephone Street,_:fictional/place/contaminated-persephone-street
W150,Entangled Vienna Street,_:fictional/place/entangled-vienna-street
W151,Doing Eudora Street,_:fictional/place/doing-eudora-street
W152,Unsafe Chloe Street,_:fictional/place/unsafe-chloe-street
W153,Lessening Isberga Street,_:fictional/place/lessening-isberga-street
W154,Signed Melusina Street,_:fictional/place/signed-melusina-street
W155,Doctrinal Lova Street,_:fictional/place/doctrinal-lova-street
W156,Multidisciplinary Lalage Street,_:fictional/place/multidisciplinary-lalage-street
W157,Colloquial Emita Street,_:fictional/place/colloquial-emita-street
W158,Grande Ismene Street,_:fictional/place/grande-ismene-street
W159,Unsanitary Petrina Street,_:fictional/place/unsanitary-petrina-street
W160,Grammatical Phthia Street,_:fictional/place/grammatical-phthia-street
W161,Dissident Fidelio Street,_:fictional/place/dissident-fidelio-street
W162,Remorseless Sophia Street,_:fictional/place/remorseless-sophia-street
W163,Unreliable Loreley Street,_:fictional/place/unreliable-loreley-street
W164,Disparate Seppina Street,_:fictional/place/disparate-seppina-street
W165,Luxurious Kordula Street,_:fictional/place/luxurious-kordula-street
W166,Cathartic Kovacia Street,_:fictional/place/cathartic-kovacia-street
W167,Confederate Modestia Street,_:fictional/place/confederate-modestia-street
W168,Downbeat Adeona Street,_:fictional/place/downbeat-adeona-street
W169,Entire Kundry Street,_:fictional/place/entire-kundry-street
W170,Inking Hansa Street,_:fictional/place/inking-hansa-street
W171,Mastered Murray Street,_:fictional/place/mastered-murray-street
W172,Grateful Ada Street,_:fictional/place/grateful-ada-street
W173,Feathered Zubaida Street,_:fictional/place/feathered-zubaida-street
W174,Conceptual Senta Street,_:fictional/place/conceptual-senta-street
W175,Liberating Berkeley Street,_:fictional/place/liberating-berkeley-street
W176,Gratuitous Lacrimosa Street,_:fictional/place/gratuitous-lacrimosa-street
W177,Disheveled Cloelia Street,_:fictional/place/disheveled-cloelia-street
W178,Carefree Portlandia Street,_:fictional/place/carefree-portlandia-street
W179,Grudging Jetta Street,_:fictional/place/grudging-jetta-street
W180,Lightest Wisibada Street,_:fictional/place/lightest-wisibada-street
W181,Unsupervised Lumen Street,_:fictional/place/unsupervised-lumen-street
W182,Possible Vanadis Street,_:fictional/place/possible-vanadis-street
W183,Unsealed Regina Street,_:fictional/place/unsealed-regina-street
W184,Materialistic Asteria Street,_:fictional/place/materialistic-asteria-street
W185,Untimely Alma Street,_:fictional/place/untimely-alma-street
W186,Laughable Amalia Street,_:fictional/place/laughable-amalia-street
W187,Magazine Newtonia Street,_:fictional/place/magazine-newtonia-street
W188,Intern Juewa Street,_:fictional/place/intern-juewa-street
W189,Squint Wilhelmina Street,_:fictional/place/squint-wilhelmina-street
W190,Low-carb Taurinensis Street,_:fictional/place/low-carb-taurinensis-street
W191,Candied Nolli Street,_:fictional/place/candied-nolli-street
W192,Torrent Veronika Street,_:fictional/place/torrent-veronika-street
W193,Subjugated Gerlinde Street,_:fictional/place/subjugated-gerlinde-street
W194,Networked Charlotte Street,_:fictional/place/networked-charlotte-street
W195,Reminiscent Oceana Street,_:fictional/place/reminiscent-oceana-street
W196,Renewable Hidalgo Street,_:fictional/place/renewable-hidalgo-street
W197,Long-held Mabella Street,_:fictional/place/long-held-mabella-street
W198,Indigo Lioba Street,_:fictional/place/indigo-lioba-street
W199,Blue-collar Romilda Street,_:fictional/place/blue-collar-romilda-street
W200,Burial Beagle Street,_:fictional/place/burial-beagle-street
W201,Diffused Aase Street,_:fictional/place/diffused-aase-street
W202,Journalistic Pamina Street,_:fictional/place/journalistic-pamina-street
W203,Stainless Hertha Street,_:fictional/place/stainless-hertha-street
W204,Determined Camelia Street,_:fictional/place/determined-camelia-street
W205,Folic Austria Street,_:fictional/place/folic-austria-street
W206,Succeeding Transvaalia Street,_:fictional/place/succeeding-transvaalia-street
W207,Spineless Myrrha Street,_:fictional/place/spineless-myrrha-street
W208,Telepathic Stephania Street,_:fictional/place/telepathic-stephania-street
W209,Blocked Benkoela Street,_:fictional/place/blocked-benkoela-street
W210,Bungling Evelyn Street,_:fictional/place/bungling-evelyn-street
W211,Convertible Newcombia Street,_:fictional/place/convertible-newcombia-street
W212,Cooked Montague Avenue,_:fictional/place/cooked-montague-avenue
W213,Uppity Selinur Street,_:fictional/place/uppity-selinur-street
W214,Locked Malabar Street,_:fictional/place/locked-malabar-street
W215,Unwrapped Prymno Street,_:fictional/place/unwrapped-prymno-street
W216,Lobster Berenike Street,_:fictional/place/lobster-berenike-street
W217,Insidious Begonia Street,_:fictional/place/insidious-begonia-street
W218,Morbid Elektra Street,_:fictional/place/morbid-elektra-street
W219,Philosophical Sulamitis Street,_:fictional/place/philosophical-sulamitis-street
W220,Unwary Herculina Street,_:fictional/place/unwary-herculina-street
W221,Dread Frostia Street,_:fictional/place/dread-frostia-street
W222,Limitless Barnardiana Street,_:fictional/place/limitless-barnardiana-street
W223,Petrochemical Barcelona Street,_:fictional/place/petrochemical-barcelona-street
W224,Improbable Bononia Street,_:fictional/place/improbable-bononia-street
W225,Cleansed Hersilia Street,_:fictional/place/cleansed-hersilia-street
W226,Irritate Steina Street,_:fictional/place/irritate-steina-street
W227,Deodorant Hirundo Street,_:fictional/place/deodorant-hirundo-street
W228,Broker Johanna Street,_:fictional/place/broker-johanna-street
W229,Broiled Nansenia Street,_:fictional/place/broiled-nansenia-street
W230,Useless Agnia Street,_:fictional/place/useless-agnia-street
W231,Upstart Naema Street,_:fictional/place/upstart-naema-street
W232,Swarthy Centesima Street,_:fictional/place/swarthy-centesima-street
W233,Irresolute Denise Street,_:fictional/place/irresolute-denise-street
W234,Freakish Dejopeja Street,_:fictional/place/freakish-dejopeja-street
W235,Defective Kastalia Street,_:fictional/place/defective-kastalia-street
W236,Brimstone Edisona Street,_:fictional/place/brimstone-edisona-street
W237,Fresh Laodica Street,_:fictional/place/fresh-laodica-street
W238,Jealous Desdemona Street,_:fictional/place/jealous-desdemona-street
W239,Valiant Barbara Street,_:fictional/place/valiant-barbara-street
W240,Liver Cosima Street,_:fictional/place/liver-cosima-street
W241,Timid Monachia Street,_:fictional/place/timid-monachia-street
W242,Foul-mouthed Xanthippe Street,_:fictional/place/foul-mouthed-xanthippe-street
W243,Decreased Comacina Street,_:fictional/place/decreased-comacina-street
W244,Redeemable Iolanda Street,_:fictional/place/redeemable-iolanda-street
W245,Perplexed Ottegebe Street,_:fictional/place/perplexed-ottegebe-street
W246,Inheriting Monterosa Street,_:fictional/place/inheriting-monterosa-street
W247,Banned Annika Street,_:fictional/place/banned-annika-street
W248,Picturesque Poesia Street,_:fictional/place/picturesque-poesia-street
W249,Misshapen Baumeia Street,_:fictional/place/misshapen-baumeia-street
W250,Cardinal Diotima Street,_:fictional/place/cardinal-diotima-street
W251,Formulaic Atala Street,_:fictional/place/formulaic-atala-street
W252,Valid Gratia Street,_:fictional/place/valid-gratia-street
W253,Formative Abundantia Street,_:fictional/place/formative-abundantia-street
W254,Culminate Cremona Street,_:fictional/place/culminate-cremona-street
W255,Regal Eurykleia Street,_:fictional/place/regal-eurykleia-street
W256,Reflecting Jucunda Street,_:fictional/place/reflecting-jucunda-street
W257,Brazen Latona Street,_:fictional/place/brazen-latona-street
W258,Dandy Althaea Street,_:fictional/place/dandy-althaea-street
W259,Valued Ahrensa Street,_:fictional/place/valued-ahrensa-street
W260,Timely Leontina Street,_:fictional/place/timely-leontina-street
W261,Timed Bamberga Street,_:fictional/place/timed-bamberga-street
W262,Intemperate Joella Street,_:fictional/place/intemperate-joella-street
W263,Contraceptive Tergeste Street,_:fictional/place/contraceptive-tergeste-street
W264,Combined Nausikaa Street,_:fictional/place/combined-nausikaa-street
W265,Comely Nicolaia Street,_:fictional/place/comely-nicolaia-street
W266,Doable Gryphia Street,_:fictional/place/doable-gryphia-street
W267,Penal Kerstin Street,_:fictional/place/penal-kerstin-street
W268,Strengthened Jubilatrix Street,_:fictional/place/strengthened-jubilatrix-street
W269,Consequential Gaspra Avenue,_:fictional/place/consequential-gaspra-avenue
